,City,Country,Date,Latitude,Longitude,Max Temperature,Humidity,Cloudiness,Wind Speed
0,Hermanus,ZA,1561512164,-34.42,19.24,57.99,87,61,5.99
1,Bonthe,SL,1561512165,7.53,-12.5,78.04,90,32,5.03
2,Tasiilaq,GL,1561512165,65.61,-37.64,41.0,80,5,8.05
3,Qaanaaq,GL,1561512165,77.48,-69.36,35.38,78,86,4.74
4,Codrington,AU,1561512165,-28.95,153.24,62.6,82,75,9.17
5,Suluq,LY,1561512165,31.67,20.25,76.6,79,0,13.13
6,Cape Town,ZA,1561512008,-33.93,18.42,59.0,87,0,5.82
7,Semey,KZ,1561512166,50.41,80.25,63.46,60,2,5.57
8,Humaita,AR,1561512166,-24.93,-65.37,46.4,80,75,6.55
9,Punta Arenas,CL,1561512166,-53.16,-70.91,32.0,94,90,6.93
10,Foix,FR,1561512167,42.97,1.61,73.99,73,0,16.11
11,Port Moresby,PG,1561512167,-9.47,147.16,82.4,78,75,11.41
12,Chimbote,PE,1561512167,-9.08,-78.59,62.2,90,55,12.97
13,Tuktoyaktuk,CA,1561512168,69.44,-133.03,39.2,86,90,19.46
14,Necochea,AR,1561512081,-38.55,-58.74,41.0,89,14,4.0
15,Rikitea,PF,1561512168,-23.12,-134.97,73.0,82,3,8.34
16,Hilo,US,1561512168,19.71,-155.08,87.8,48,1,19.46
17,Cefalu,IT,1561512169,38.04,14.02,78.01,62,0,1.99
18,Mataura,NZ,1561512169,-46.19,168.86,51.01,68,48,8.01
19,Ushuaia,AR,1561511961,-54.81,-68.31,30.2,86,40,6.93
20,Busselton,AU,1561511971,-33.64,115.35,59.0,85,12,29.51
21,Atuona,PF,1561512169,-9.8,-139.03,81.28,76,1,17.34
22,Lata,IN,1561512170,30.78,78.62,39.16,92,91,1.03
23,Quelimane,MZ,1561512123,-17.88,36.89,66.2,93,40,2.86
24,Horsham,AU,1561512170,-36.71,142.2,47.98,81,1,11.92
25,Kapaa,US,1561512170,22.08,-159.32,82.4,78,90,10.29
26,Bredasdorp,ZA,1561512171,-34.53,20.04,60.8,77,82,12.75
27,Vestmannaeyjar,IS,1561512171,63.44,-20.27,50.0,100,90,17.22
28,Ribeira Grande,PT,1561512171,38.52,-28.7,65.8,74,8,15.73
29,Saint-Philippe,CA,1561512172,45.36,-73.48,75.2,94,1,5.82
30,Tiksi,RU,1561512172,71.64,128.87,57.7,55,12,4.25
31,New Norfolk,AU,1561512172,-42.78,147.06,51.8,57,0,8.05
32,Nikolskoye,RU,1561512172,59.7,30.79,59.0,58,0,4.47
33,Aden,YE,1561512172,12.79,45.03,90.82,47,50,15.77
34,Coihaique,CL,1561512173,-45.58,-72.07,39.2,86,90,8.05
35,Coolum Beach,AU,1561512173,-26.53,153.09,61.0,98,71,5.01
36,Albany,US,1561511994,42.65,-73.75,75.2,69,40,3.36
37,Siderno,IT,1561512174,38.28,16.3,78.8,65,5,4.7
38,Kirakira,SB,1561512174,-10.46,161.92,83.8,73,33,4.27
39,Kahului,US,1561512174,20.89,-156.47,89.6,46,40,9.17
40,Kaitangata,NZ,1561512175,-46.28,169.85,53.01,53,1,5.99
41,Evensk,RU,1561512175,61.92,159.24,64.36,39,0,15.46
42,Namatanai,PG,1561512175,-3.66,152.44,81.46,77,100,11.99
43,Hithadhoo,MV,1561512175,-0.6,73.08,83.98,68,49,3.36
44,Bluff,AU,1561512175,-23.58,149.07,65.62,69,0,19.51
45,Talnakh,RU,1561512176,69.49,88.39,39.2,59,75,8.95
46,Arraial do Cabo,BR,1561512176,-22.97,-42.02,74.98,81,0,7.14
47,Karratha,AU,1561512053,-20.74,116.85,70.3,24,66,5.1
48,Plouzane,FR,1561512176,48.38,-4.62,61.0,93,0,6.93
49,Yellowknife,CA,1561512177,62.45,-114.38,73.4,27,40,6.93
50,Lompoc,US,1561512177,34.64,-120.46,68.0,72,1,13.87
51,Swan River,CA,1561512177,52.11,-101.27,59.86,88,73,4.5
52,Kingaroy,AU,1561512177,-26.54,151.84,57.99,87,90,14.99
53,Ufimskiy,RU,1561512178,56.71,58.05,44.56,97,0,1.5
54,Nelson Bay,AU,1561512178,-32.72,152.14,64.99,48,0,11.41
55,Lebu,ET,1561512179,8.96,38.73,62.6,63,40,2.57
56,Xining,CN,1561512179,36.62,101.77,50.32,98,100,3.6
57,Pochutla,MX,1561512179,15.74,-96.47,84.2,66,40,3.36
58,Mar del Plata,AR,1561512180,-46.43,-67.52,42.04,57,74,17.02
59,San Patricio,PY,1561512180,-26.98,-56.83,47.62,83,100,10.09
60,Griffith,AU,1561512180,-34.29,146.06,55.99,81,0,11.41
61,Clyde River,CA,1561512180,70.47,-68.59,32.0,70,75,6.93
62,Port Hardy,CA,1561512181,50.7,-127.42,64.4,63,75,12.75
63,Castro,CL,1561512181,-42.48,-73.76,48.2,100,90,12.75
64,Hofn,IS,1561512182,64.25,-15.21,41.68,78,76,9.62
65,Victoria,BN,1561512182,5.28,115.24,84.2,89,75,2.24
66,Port Lincoln,AU,1561512182,-34.72,135.86,56.08,55,0,17.34
67,Cherskiy,RU,1561512183,68.75,161.3,74.62,24,0,5.03
68,Kununurra,AU,1561512183,-15.77,128.74,73.4,11,65,17.22
69,Sloboda,RU,1561512183,57.03,59.56,43.3,98,28,2.89
70,Bilibino,RU,1561512184,68.06,166.44,61.3,23,26,13.15
71,Vaini,IN,1561512184,15.34,74.49,71.6,100,40,4.7
72,Yakovlevka,RU,1561512184,44.43,133.47,72.46,66,79,7.2
73,At-Bashi,KG,1561512184,41.17,75.81,47.26,60,32,3.4
74,Bijie,CN,1561512185,27.3,105.3,65.98,91,97,2.68
75,Baker City,US,1561512185,44.77,-117.83,73.4,63,90,11.41
76,Aberdeen,US,1561512186,45.47,-98.49,79.0,38,1,6.93
77,Buzmeyin,TM,1561512186,38.05,58.21,75.2,25,0,2.24
78,Mahebourg,MU,1561512186,-20.41,57.7,73.4,88,75,11.41
79,Yarada,IN,1561512186,17.65,83.27,82.4,88,75,2.24
80,Pevek,RU,1561512187,69.7,170.27,35.92,82,0,23.62
81,Chokurdakh,RU,1561512187,70.62,147.9,75.88,29,0,11.23
82,Valparaiso,US,1561512187,41.47,-87.06,84.2,48,1,13.87
83,Saldanha,PT,1561512188,41.42,-6.55,63.28,70,38,1.92
84,Mackenzie,CA,1561512188,55.34,-123.09,62.6,63,90,2.24
85,Bahir Dar,ET,1561512188,11.59,37.39,59.14,86,0,3.29
86,Seoul,KR,1561512021,37.57,126.98,80.6,61,20,2.24
87,Ajuchitlan,MX,1561512189,20.72,-100.02,71.6,56,75,5.82
88,Kruisfontein,ZA,1561512189,-34.0,24.73,51.94,93,59,13.04
89,Broome,GB,1561512189,52.47,1.45,60.01,100,95,4.7
90,Constitucion,MX,1561512189,23.99,-104.67,75.2,33,75,14.99
91,Deputatskiy,RU,1561512190,69.3,139.9,70.66,34,0,16.98
92,Matagami,NG,1561512190,9.67,8.4,71.74,90,58,3.94
93,Sechura,PE,1561512190,-5.56,-80.82,66.7,80,3,14.2
94,Luderitz,NA,1561512191,-26.65,15.16,51.8,76,12,2.24
95,Port Elizabeth,US,1561512191,39.31,-74.98,82.0,88,1,3.36
96,Iqaluit,CA,1561512191,63.75,-68.52,48.2,66,40,5.82
97,Kodinsk,RU,1561512191,58.6,99.18,69.4,58,22,6.24
98,Nizwa,OM,1561512191,22.93,57.53,77.32,47,0,1.3
99,Severo-Kurilsk,RU,1561512192,50.68,156.12,44.2,92,100,19.64
100,Opuwo,NA,1561512192,-18.06,13.84,48.52,74,0,2.98
101,Esperance,TT,1561512192,10.24,-61.45,82.0,74,20,3.36
102,Aswan,EG,1561512192,24.09,32.9,91.4,19,0,6.93
103,Turukhansk,RU,1561512193,65.8,87.96,47.98,56,65,7.54
104,Trat,TH,1561512193,12.25,102.51,84.0,88,40,3.06
105,Oia,ES,1561512193,42.0,-8.88,66.0,93,0,5.82
106,Hobart,AU,1561512194,-42.88,147.33,51.8,57,0,8.05
107,Stephenville Crossing,CA,1561512194,48.5,-58.44,50.0,81,20,8.05
108,Faya,SA,1561512194,18.39,42.45,71.6,49,40,1.72
109,Saskylakh,RU,1561512194,71.97,114.09,78.4,35,77,11.7
110,Ankang,CN,1561512194,32.73,108.99,71.2,83,68,2.19
111,Barrow,AR,1561512195,-38.31,-60.23,41.5,59,11,9.69
112,Amapa,HN,1561512195,15.09,-87.97,84.2,74,75,9.17
113,Geraldton,CA,1561512195,49.72,-86.95,69.8,68,75,8.05
114,Saint George,GR,1561512196,39.45,22.34,75.2,77,40,0.74
115,Mirnyy,RU,1561512196,56.57,36.46,52.66,81,95,4.45
116,Thompson,CA,1561512196,55.74,-97.86,60.8,77,90,8.05
117,Norman Wells,CA,1561512196,65.28,-126.83,53.6,76,75,14.99
118,East London,ZA,1561512197,-33.02,27.91,54.82,94,92,5.91
119,Cubulco,GT,1561512197,15.11,-90.63,69.8,77,75,9.17
120,Kefamenanu,ID,1561512136,-9.45,124.48,73.72,43,7,1.14
121,Butaritari,KI,1561512198,3.07,172.79,83.98,70,100,7.81
122,Provideniya,RU,1561512198,64.42,-173.23,50.0,71,75,22.37
123,Ancud,CL,1561512198,-41.87,-73.83,48.2,100,90,12.75
124,Surt,LY,1561512058,31.21,16.59,76.06,85,0,7.61
125,Monopoli,IT,1561512009,40.95,17.3,81.0,64,0,8.05
126,Stawell,AU,1561512199,-37.06,142.77,46.18,82,9,4.68
127,Souillac,FR,1561512199,45.6,-0.6,73.4,78,0,4.7
128,Kungurtug,RU,1561512199,50.6,97.53,42.22,81,95,5.88
129,Harwich,US,1561512200,41.69,-70.08,68.0,93,90,5.82
130,Hamilton,CA,1561512128,43.26,-79.87,75.2,69,20,9.17
131,Itoman,JP,1561512201,26.12,127.67,77.0,94,75,18.34
132,Camopi,GF,1561512201,3.17,-52.33,72.64,99,94,2.26
133,Pueblo Nuevo,MX,1561512201,23.99,-106.96,84.0,70,0,5.01
134,Khatanga,RU,1561512202,71.98,102.47,63.64,64,100,12.37
135,Tuatapere,NZ,1561512202,-46.13,167.69,51.01,68,84,8.01
136,Sabang,PH,1561512202,13.72,123.58,82.72,80,100,5.66
137,Cidreira,BR,1561512203,-30.17,-50.22,56.8,86,100,15.08
138,Dikson,RU,1561512019,73.51,80.55,33.22,84,50,18.75
139,Padang,ID,1561512203,-0.92,100.36,82.18,74,0,5.57
140,Carnarvon,ZA,1561512204,-30.97,22.13,46.72,32,0,14.14
141,Abaete,BR,1561512204,-19.16,-45.45,72.46,58,96,2.42
142,Nemuro,JP,1561512204,43.32,145.57,75.2,60,0,11.41
143,Airai,TL,1561512204,-8.93,125.41,73.9,52,0,2.82
144,Huarmey,PE,1561512205,-10.07,-78.15,62.74,87,37,19.46
145,Conde,BR,1561512205,-11.81,-37.61,67.24,97,8,2.26
146,Bambous Virieux,MU,1561512205,-20.34,57.76,73.4,88,75,11.41
147,Beyneu,KZ,1561512205,45.32,55.19,84.34,28,99,7.29
148,Pingliang,CN,1561512206,35.54,106.68,62.02,89,82,6.24
149,Fort-Shevchenko,KZ,1561512206,44.51,50.26,80.2,76,0,14.0
150,Prince Rupert,CA,1561512129,54.32,-130.32,60.8,82,1,8.05
151,Mineiros,BR,1561512022,-17.57,-52.55,64.18,56,0,4.14
152,Sobolevo,RU,1561512207,54.43,31.9,55.18,76,67,2.17
153,Lasa,CY,1561512207,34.92,32.53,75.2,64,0,3.36
154,Euclides da Cunha,BR,1561512207,-10.51,-39.01,68.14,89,64,8.61
155,Faro,PT,1561512207,37.02,-7.94,68.0,100,75,6.93
156,Grand Gaube,MU,1561512208,-20.01,57.66,73.4,88,75,11.41
157,Ushtobe,KZ,1561512209,45.25,77.98,73.9,38,0,7.23
158,Alta Floresta,BR,1561512209,-9.87,-56.08,73.54,61,65,1.59
159,Saint-Augustin,FR,1561512209,44.83,-0.61,71.6,83,0,5.82
160,Okha,RU,1561512209,53.59,142.95,43.12,93,97,16.04
161,Cap Malheureux,MU,1561512210,-19.98,57.61,73.4,88,75,11.41
162,Hay River,CA,1561512210,60.82,-115.79,66.2,55,40,6.93
163,Nanortalik,GL,1561512210,60.14,-45.24,45.64,79,85,7.02
164,Dryden,CA,1561511914,49.79,-92.84,64.4,68,40,10.29
165,Huicheng,CN,1561512211,23.03,116.29,82.4,88,75,4.07
166,Avera,US,1561512211,33.19,-82.53,82.4,88,1,4.63
167,Bitung,ID,1561512211,1.44,125.19,86.0,66,20,3.36
168,Abalak,NE,1561512212,15.46,6.28,91.0,29,72,13.29
169,Bathsheba,BB,1561512212,13.22,-59.52,80.6,78,40,18.34
170,Jamestown,AU,1561512212,-33.21,138.6,55.0,60,0,13.33
171,Tokmak,UA,1561512213,47.26,35.7,65.26,73,0,12.95
172,Cumpas,MX,1561512213,30.0,-109.78,90.64,11,0,16.24
173,Hasaki,JP,1561512201,35.73,140.83,82.0,65,40,5.82
174,Talaya,RU,1561512213,55.79,84.89,63.0,72,0,6.71
175,Sorong,ID,1561512214,-0.86,131.25,77.86,89,96,10.0
176,Nome,US,1561512214,30.04,-94.42,73.99,94,90,6.93
177,Mount Gambier,AU,1561512214,-37.83,140.78,48.2,87,54,9.17
178,Vanimo,PG,1561512214,-2.67,141.3,82.0,79,99,10.33
179,Vila Franca do Campo,PT,1561512215,37.72,-25.43,64.4,82,75,10.29
180,Chuy,UY,1561512210,-33.69,-53.46,47.98,62,100,16.2
181,Mahibadhoo,MV,1561512215,3.78,72.97,83.26,74,91,7.92
182,Sangar,RU,1561512215,63.92,127.47,67.06,57,48,7.09
183,Sioux Lookout,CA,1561512215,50.1,-91.92,64.4,88,75,5.82
184,Changping,CN,1561512216,40.22,116.23,82.0,57,0,8.95
185,Klaksvik,FO,1561512216,62.23,-6.59,50.0,93,49,11.41
186,Port Alfred,ZA,1561512216,-33.59,26.89,59.0,95,77,7.0
187,Caorle,IT,1561512217,45.6,12.88,80.6,74,0,5.82
188,Olga,US,1561512217,34.11,-118.17,73.4,64,75,5.82
189,Talalayivka,UA,1561512217,50.96,31.92,60.94,90,2,3.4
190,Melbu,NO,1561512218,68.5,14.83,48.99,80,100,10.0
191,Flinders,AU,1561512218,-34.58,150.85,63.0,87,75,8.05
192,Bozoum,CF,1561512218,6.31,16.38,66.52,98,100,6.58
193,Iquitos,PE,1561512218,-3.75,-73.25,77.0,88,20,6.93
194,Lagoa,PT,1561512219,37.14,-8.45,68.0,100,75,6.93
195,Norsup,VU,1561512219,-16.07,167.38,80.6,88,75,12.75
196,Bagdarin,RU,1561512219,54.44,113.59,58.42,57,100,4.32
197,Puerto Ayora,EC,1561512220,-0.74,-90.35,75.2,78,20,17.22
198,Abu Dhabi,AE,1561512220,24.47,54.37,95.0,56,83,10.29
199,Temyasovo,RU,1561512220,52.99,58.1,51.8,71,0,6.71
200,Ust-Omchug,RU,1561512220,61.13,149.63,56.08,48,100,6.44
201,Mandalgovi,MN,1561512221,45.76,106.27,62.02,40,76,13.33
202,Kudahuvadhoo,MV,1561512221,2.67,72.89,84.16,71,100,7.96
203,Buchanan,LR,1561512221,5.88,-10.05,77.0,94,40,13.4
204,Otane,NZ,1561512221,-39.89,176.62,45.0,89,0,5.12
205,Westport,IE,1561512222,53.8,-9.52,57.99,90,0,10.51
206,Madras,US,1561512222,44.63,-121.13,71.01,48,90,9.17
207,Zhangye,CN,1561512223,38.94,100.46,60.22,58,100,8.97
208,Aksu,KZ,1561512223,52.04,76.93,66.2,68,0,11.18
209,Los Llanos de Aridane,ES,1561512223,28.66,-17.92,71.6,68,40,14.99
210,Belyy Yar,RU,1561512224,53.6,91.39,55.4,87,75,4.47
211,Rome,IT,1561512224,41.89,12.48,77.0,64,0,5.82
212,Portland,US,1561511963,45.52,-122.67,73.99,49,75,20.8
213,Karaton,ID,1561512224,-6.34,106.1,80.01,74,20,4.7
214,Bethel,US,1561512225,60.79,-161.76,71.6,52,75,6.93
215,Paamiut,GL,1561512123,61.99,-49.67,39.34,99,100,8.72
216,Shelburne,CA,1561512167,44.08,-80.2,75.2,56,1,6.93
217,Muros,ES,1561512225,42.77,-9.06,66.0,93,0,17.29
218,Ostrovnoy,RU,1561512226,68.05,39.51,43.66,74,31,4.18
219,Shalinskoye,RU,1561512226,55.72,93.76,52.3,95,100,10.22
220,Pangnirtung,CA,1561512210,66.15,-65.72,56.8,40,22,4.94
221,Mikhaylovka,RU,1561512227,52.96,103.29,49.78,92,100,6.49
222,Zhigansk,RU,1561512227,66.77,123.37,71.74,56,69,14.56
223,Dingle,PH,1561512227,11.0,122.67,81.46,79,99,2.93
224,Kebumen,ID,1561512227,-7.67,109.65,70.48,90,2,1.16
225,Hobyo,SO,1561512228,5.35,48.53,76.6,74,23,17.38
226,Jacareacanga,BR,1561512228,-6.22,-57.76,77.86,63,100,1.9
227,Cabo San Lucas,MX,1561512098,22.89,-109.91,96.01,18,5,10.29
228,Middelburg,ZA,1561512229,-25.77,29.46,42.58,58,0,4.05
229,Atbasar,KZ,1561512229,51.81,68.36,66.52,73,21,12.77
230,Georgetown,GY,1561512012,6.8,-58.16,82.4,78,75,11.41
231,Caravelas,BR,1561512230,-17.73,-39.27,71.92,81,0,7.52
232,Ahuimanu,US,1561512230,21.44,-157.84,80.6,83,90,5.82
233,Skagen,SE,1561512230,58.6,13.44,61.0,93,100,2.24
234,Tecoanapa,MX,1561512230,16.99,-99.26,84.2,74,75,4.7
235,Chambersburg,US,1561511960,39.94,-77.66,80.6,57,1,4.7
236,Olimpia,IT,1561512231,44.99,8.54,82.99,61,0,3.36
237,Banda Aceh,ID,1561512031,5.56,95.32,83.98,70,99,12.59
238,Leningradskiy,RU,1561512231,69.38,178.42,34.84,89,88,14.7
239,Superior,US,1561512231,39.95,-105.17,86.0,18,1,4.7
240,Mayo,CA,1561512232,63.59,-135.9,73.4,28,90,5.82
241,Nkpor,NG,1561512232,6.15,6.84,72.46,97,75,2.33
242,Baglan,GB,1561512233,51.62,-3.81,63.0,87,100,6.93
243,Quatre Cocos,MU,1561512233,-20.21,57.76,73.4,88,75,11.41
244,Upernavik,GL,1561512233,72.79,-56.15,33.76,98,100,9.4
245,Port Macquarie,AU,1561512233,-31.43,152.91,60.8,100,75,5.82
246,Christchurch,NZ,1561512234,-43.53,172.64,53.01,76,37,9.17
247,Nouakchott,MR,1561512234,18.08,-15.98,86.0,45,0,21.92
248,Tyazhinskiy,RU,1561512234,56.11,88.52,58.78,79,100,4.09
249,Half Moon Bay,US,1561512235,37.46,-122.43,78.01,82,75,6.93
250,Longyearbyen,NO,1561512235,78.22,15.63,42.8,70,75,9.17
251,Avarua,CK,1561512217,-21.21,-159.78,77.0,65,83,8.05
252,Poum,MK,1561512235,41.28,20.71,57.7,86,17,4.59
253,Atherton,GB,1561512236,53.52,-2.49,59.0,82,90,6.93
254,Kavaratti,IN,1561512236,10.57,72.64,82.72,79,88,14.79
255,Hovd,NO,1561512236,63.83,10.7,53.6,81,75,14.99
256,Semnan,IR,1561512236,35.58,53.39,84.2,18,0,3.13
257,Severo-Yeniseyskiy,RU,1561512237,60.37,93.04,63.46,79,100,3.31
258,Sitka,US,1561512144,37.17,-99.65,91.9,30,0,11.16
259,Qaqortoq,GL,1561512237,60.72,-46.03,55.4,50,75,5.82
260,Victoria Point,AU,1561512237,-27.58,153.3,64.99,93,75,11.41
261,Khani,GE,1561512238,41.96,42.96,75.2,94,75,1.12
262,Iwanai,JP,1561512238,42.97,140.51,67.78,66,55,6.06
263,Yulara,AU,1561512238,-25.24,130.99,53.6,27,0,9.17
264,Lavrentiya,RU,1561512238,65.58,-170.99,49.78,55,100,9.86
265,Santa Cruz de Tenerife,ES,1561511991,28.47,-16.25,71.6,100,75,20.8
266,Petropavlovsk-Kamchatskiy,RU,1561512239,53.05,158.65,46.4,100,90,11.18
267,Mattru,SL,1561512239,7.62,-11.83,75.52,95,52,1.74
268,Berlevag,NO,1561512239,70.86,29.09,45.46,85,94,20.74
269,Nantucket,US,1561512240,41.28,-70.1,66.99,93,75,11.41
270,Yar-Sale,RU,1561512240,66.83,70.83,42.76,71,70,9.04
271,Anori,BR,1561512240,-3.74,-61.66,74.08,96,58,2.95
272,Tevaitoa,PF,1561512241,-16.78,-151.5,79.3,77,21,13.58
273,Chapais,CA,1561512241,49.78,-74.86,57.2,100,90,9.17
274,Lakes Entrance,AU,1561512241,-37.88,147.99,46.99,91,0,2.89
275,Traverse City,US,1561512241,44.76,-85.62,75.2,60,20,11.41
276,Hervey Bay,AU,1561512242,-25.3,152.85,66.0,100,75,12.75
277,Byron Bay,AU,1561512220,-28.65,153.62,62.6,82,75,9.17
278,Meulaboh,ID,1561512242,4.14,96.13,83.62,67,100,7.11
279,Sault Sainte Marie,CA,1561512243,46.49,-84.36,69.8,93,40,8.05
280,El Fuerte,MX,1561512243,26.42,-108.62,89.2,39,0,13.2
281,Akusha,RU,1561512243,42.28,47.34,84.2,51,20,17.9
282,Imeni Stepana Razina,RU,1561512243,54.89,44.3,49.24,93,79,5.21
283,Hambantota,LK,1561512244,6.12,81.12,78.8,100,40,5.82
284,Kavieng,PG,1561512244,-2.57,150.8,84.7,74,76,16.35
285,Namtsy,RU,1561512244,62.72,129.66,66.2,48,0,8.95
286,Kabinda,CD,1561512244,-6.14,24.49,69.76,40,37,3.11
287,Usinsk,RU,1561512245,66.0,57.56,45.82,72,95,12.21
288,Buluang,PH,1561512245,10.47,123.98,86.0,70,75,12.75
289,Pangody,RU,1561512245,65.85,74.49,43.66,60,10,6.33
290,Pedernales,EC,1561512246,0.07,-80.05,75.7,85,29,16.6
291,Napier,NZ,1561512246,-39.49,176.92,55.99,54,0,1.99
292,Sola,FI,1561512247,62.78,29.36,44.6,100,90,2.39
293,Brownsville,US,1561512111,25.91,-97.49,81.0,83,90,5.82
294,Mbigou,GA,1561512247,-1.9,11.91,65.44,92,7,1.43
295,Durant,US,1561512195,33.99,-96.37,84.99,66,1,10.29
296,Guerrero Negro,MX,1561512248,27.97,-114.04,64.0,84,26,12.97
297,Bara,NG,1561512248,10.41,10.6,74.44,86,0,11.21
298,Miandrivazo,MG,1561512248,-19.53,45.46,64.72,85,5,1.99
299,Dasoguz,TM,1561512248,41.84,59.97,77.0,43,0,4.7
300,Pisco,PE,1561512249,-13.71,-76.2,62.6,82,0,5.82
301,Fernandez,PH,1561512249,11.38,122.76,81.64,77,100,1.01
302,Pringsewu,ID,1561512249,-5.36,104.98,68.86,83,0,3.31
303,Kaiyuan,CN,1561512249,42.54,124.04,76.96,43,92,18.34
304,Honiara,SB,1561512250,-9.43,159.96,89.6,62,20,9.17
305,Kaohsiung,TW,1561512250,22.62,120.31,80.6,88,75,5.82
306,Salalah,OM,1561512250,17.01,54.1,82.4,94,75,5.82
307,Mitu,IR,1561512251,36.2,46.09,66.88,40,0,3.49
308,Ndola,ZM,1561512251,-12.97,28.64,51.04,78,0,3.89
309,Zlitan,LY,1561512251,32.47,14.57,75.52,78,0,4.83
310,Torbay,CA,1561512252,47.66,-52.73,52.0,76,20,10.29
311,Plettenberg Bay,ZA,1561512252,-34.05,23.37,50.68,78,69,4.23
312,Srednekolymsk,RU,1561512252,67.46,153.71,80.74,21,0,6.96
313,San Cristobal,EC,1561512252,-0.39,-78.55,57.2,87,20,4.7
314,Vannes,FR,1561512253,47.66,-2.76,66.0,93,95,10.29
315,Rociu,RO,1561512253,44.68,25.05,72.0,82,7,5.97
316,Tahe,CN,1561512253,52.34,124.71,64.18,68,38,5.48
317,Voyvozh,RU,1561512254,62.89,54.96,40.24,83,0,2.28
318,Komsomolskiy,RU,1561512254,67.55,63.78,40.06,91,92,14.5
319,Katsuura,JP,1561512254,33.93,134.5,80.01,83,75,13.87
320,Itarema,BR,1561512255,-2.92,-39.92,74.44,84,10,6.64
321,Pandan,PH,1561512255,11.72,122.09,83.98,73,100,10.71
322,Ukiah,US,1561512033,39.15,-123.21,80.6,21,1,11.41
323,Santa Cruz,US,1561511979,36.97,-122.03,80.6,68,1,8.05
324,Rio Grande,BR,1561512257,-32.03,-52.1,47.98,74,100,10.2
325,Bella Union,CO,1561512257,8.5,-73.35,69.04,96,90,4.25
326,Lamar,US,1561512257,38.09,-102.62,87.8,25,1,6.93
327,Touros,BR,1561512258,-5.2,-35.46,75.2,88,20,5.82
328,Santa Helena de Goias,BR,1561512258,-17.81,-50.6,66.34,58,0,4.52
329,Payson,US,1561512251,40.04,-111.73,86.0,17,1,5.82
330,North Bend,US,1561512258,43.41,-124.22,68.0,77,1,11.41
331,Kaeo,NZ,1561512259,-35.1,173.78,60.01,80,43,5.01
332,Luena,AO,1561512259,-11.78,19.91,51.76,52,0,1.97
333,Timbiqui,CO,1561512259,2.77,-77.67,80.2,82,100,10.47
334,Sarahan,IN,1561512259,31.51,77.79,56.26,76,0,3.44
335,Sur,OM,1561512260,22.57,59.53,80.56,76,3,12.08
336,Lourdes,SV,1561512260,13.73,-89.37,84.2,83,20,10.29
337,Peniche,PT,1561512080,39.36,-9.38,62.6,88,75,2.24
338,Great Falls,US,1561512260,47.5,-111.29,73.99,32,75,5.82
339,Ulaangom,MN,1561512261,49.98,92.07,54.64,35,67,9.55
340,Concordia,AR,1561512261,-31.4,-58.02,42.01,77,61,1.99
341,Buala,SB,1561512261,-8.15,159.59,82.72,80,95,9.26
342,Koutiala,ML,1561512261,12.39,-5.46,89.2,45,58,9.24
343,Iracoubo,GF,1561512262,5.48,-53.21,75.52,94,15,4.59
344,Almaznyy,RU,1561512262,48.03,40.04,68.0,40,0,15.66
345,Wucheng,CN,1561512262,29.09,119.57,74.08,89,52,2.42
346,Saint-Leu,RE,1561512262,-21.15,55.28,69.8,77,100,6.93
347,Hirado,JP,1561512263,33.32,129.49,78.01,78,75,9.17
348,Buenos Aires,AR,1561512171,-34.61,-58.44,48.2,41,0,6.93
349,Sao Felix do Xingu,BR,1561512264,-6.64,-51.99,78.04,61,58,4.03
350,Ponta do Sol,BR,1561512264,-20.63,-46.0,67.24,69,100,2.91
351,Husavik,CA,1561512264,50.56,-96.99,75.0,40,18,10.4
352,Fairbanks,US,1561512265,64.84,-147.72,75.2,23,20,3.36
353,Iralaya,HN,1561512265,15.0,-83.23,77.0,94,90,3.85
354,Minudasht,IR,1561512265,37.23,55.37,84.2,74,31,2.24
355,Anadyr,RU,1561512265,64.73,177.51,48.2,76,90,15.66
356,Verkhoyansk,RU,1561512266,67.55,133.39,74.08,39,30,5.53
357,Fortuna,ES,1561512266,38.18,-1.13,73.4,83,20,4.7
358,Bohonye,HU,1561512266,46.41,17.38,69.8,94,0,3.36
359,Dongtai,CN,1561512266,32.85,120.31,82.0,60,100,1.01
360,Valdivia,CL,1561512267,-39.81,-73.25,46.0,98,100,20.36
361,Bone,ID,1561512267,-10.32,123.57,78.8,57,20,14.99
362,Eyl,SO,1561512263,7.98,49.82,77.32,69,31,25.41
363,Podgornoye,RU,1561512268,57.79,82.64,62.2,76,3,2.91
364,Hastings,NZ,1561512194,-39.64,176.84,50.32,70,0,5.12
365,Herat,AF,1561512268,34.35,62.22,69.8,18,0,7.87
366,Aklavik,CA,1561512268,68.22,-135.01,42.8,59,75,17.22
367,Thunder Bay,CA,1561512269,48.41,-89.26,64.99,88,75,6.93
368,Teresopolis,BR,1561511986,-22.41,-42.97,77.0,73,0,2.24
369,Laguna,MX,1561512211,27.52,-110.01,93.2,16,5,9.17
370,Chicama,PE,1561512269,-7.84,-79.15,64.4,82,20,9.17
371,Salinopolis,BR,1561512269,-0.61,-47.36,82.0,78,34,17.09
372,Brenham,US,1561512006,30.17,-96.4,80.6,74,90,8.05
373,Bonavista,CA,1561512270,48.65,-53.11,45.0,85,57,1.99
374,Aquidauana,BR,1561512270,-20.47,-55.78,78.58,40,17,5.75
375,Coahuayana,MX,1561512270,18.62,-100.35,86.14,63,32,2.24
376,Havre-Saint-Pierre,CA,1561511973,50.23,-63.6,59.0,54,20,6.93
377,Puri,ID,1561512271,-7.54,112.45,71.92,84,0,4.32
378,Turkan,AF,1561512271,35.6,68.92,58.42,38,0,2.82
379,Sijunjung,ID,1561512271,-0.69,100.95,67.42,96,8,1.1
380,Daru,SL,1561512271,7.99,-10.85,73.54,98,96,3.51
381,Pucara,BO,1561512272,-16.6,-68.57,42.8,15,0,8.05
382,Ishigaki,JP,1561512272,24.34,124.16,84.2,79,75,4.7
383,Port Hedland,AU,1561512223,-20.31,118.58,71.6,18,30,10.29
384,Shimoda,JP,1561512273,34.7,138.93,77.0,78,40,6.93
385,Karla,EE,1561512273,59.37,24.93,60.01,82,0,2.24
386,Dakar,SN,1561512273,14.69,-17.45,77.0,88,0,4.7
387,Esmeralda,CL,1561512274,-34.33,-70.9,38.26,79,90,3.0
388,Camargo,MX,1561512274,27.69,-105.17,86.5,24,59,24.25
389,Vanavara,RU,1561512275,60.35,102.28,67.78,56,0,6.24
390,Seduva,LT,1561512275,55.77,23.77,57.2,71,83,3.36
391,Gonen,IL,1561512275,33.12,35.65,75.0,95,0,2.42
392,Faanui,PF,1561512275,-16.48,-151.75,79.66,75,51,13.73
393,Luohe,CN,1561512275,33.57,114.03,82.0,48,17,4.38
394,Derzhavinsk,KZ,1561512276,51.1,66.31,68.5,73,44,10.49
395,Hualmay,PE,1561512276,-11.1,-77.61,62.74,84,31,17.54
396,Beloha,MG,1561512276,-25.17,45.06,61.12,91,0,4.34
397,Sorland,NO,1561512230,67.67,12.69,47.98,88,100,13.13
398,Hailey,US,1561512203,43.52,-114.32,71.6,26,40,8.61
399,Narsaq,GL,1561512277,60.91,-46.05,55.4,50,75,5.82
400,Kitami,JP,1561512277,43.8,143.9,82.4,47,0,5.82
401,Alofi,NU,1561512246,-19.06,-169.92,78.8,69,75,13.87
402,Aranos,NA,1561512277,-24.14,19.11,44.74,43,0,1.95
403,Kapuskasing,CA,1561512278,49.42,-82.43,60.8,93,90,11.41
404,Awjilah,LY,1561512278,29.14,21.3,79.12,46,0,14.47
405,Rawson,AR,1561512278,-43.3,-65.11,40.78,54,54,12.64
406,Saint Anthony,US,1561512278,43.97,-111.68,78.8,23,40,10.29
407,Marrakesh,MA,1561512279,31.63,-7.99,69.8,73,20,6.93
408,Inirida,CO,1561512279,3.87,-67.92,71.74,99,96,2.93
409,Collie,AU,1561512279,-33.36,116.15,59.0,84,2,8.32
410,Ca Mau,VN,1561512200,9.18,105.15,81.28,87,95,3.6
411,Jieshi,CN,1561512280,22.82,115.83,79.3,86,26,1.99
412,Itatskiy,RU,1561512280,56.07,89.04,56.8,78,97,8.41
413,Sisimiut,GL,1561512280,66.94,-53.67,38.98,91,100,2.21
414,Morant Bay,JM,1561512281,17.88,-76.41,84.2,62,20,8.05
415,Meadow Lake,CA,1561512281,54.13,-108.44,60.8,77,75,11.41
416,Nacimiento,CL,1561512281,-37.5,-72.67,37.4,100,75,4.9
417,Coxim,BR,1561512282,-18.5,-54.75,71.56,52,0,2.55
418,Pacific Grove,US,1561512282,36.62,-121.92,80.6,63,1,11.41
419,Mitsamiouli,KM,1561512282,-11.38,43.28,78.22,76,21,17.96
420,Baiquan,CN,1561512282,47.61,126.08,70.3,72,100,7.76
421,Wenatchee,US,1561512202,47.42,-120.31,78.8,25,75,9.17
422,Skjervoy,NO,1561512283,70.03,20.97,47.44,86,100,14.07
423,Sindor,RU,1561512283,62.87,51.9,41.5,80,2,1.07
424,Staraya Toropa,RU,1561512283,56.28,31.67,57.52,64,91,5.19
425,Verkhnevilyuysk,RU,1561512283,63.45,120.31,67.6,68,17,4.85
426,Alice Springs,AU,1561512011,-23.7,133.88,57.2,26,0,10.29
427,Namibe,AO,1561512284,-15.19,12.15,64.36,84,78,12.62
428,Zyryanka,RU,1561512284,65.73,150.89,76.6,26,4,7.11
429,Dalby,AU,1561512284,-27.18,151.26,63.0,82,75,14.99
430,Port Augusta,AU,1561512011,-32.49,137.76,55.99,66,0,4.7
431,Wajima,JP,1561512285,37.4,136.9,80.6,54,20,8.05
432,Gat,SN,1561512285,14.69,-16.54,77.0,83,0,8.05
433,Cayenne,GF,1561512252,4.94,-52.33,78.8,88,24,3.76
434,Tautira,PF,1561512285,-17.73,-149.15,82.4,65,75,4.7
435,Garowe,SO,1561512286,8.41,48.48,78.58,58,7,24.72
436,Sokolo,ML,1561512286,14.74,-6.12,95.86,27,0,8.95
437,Analipsis,GR,1561512286,35.32,25.57,78.01,78,0,17.22
438,Kentau,KZ,1561512286,43.52,68.5,78.58,22,0,9.73
439,Bay Roberts,CA,1561512287,47.58,-53.28,52.0,76,20,10.29
440,Aitape,PG,1561512287,-3.15,142.36,85.6,66,65,2.04
441,Lusambo,CD,1561512287,-4.97,23.44,69.4,44,1,0.4
442,Tarko-Sale,RU,1561512288,64.92,77.78,53.01,69,0,6.51
443,Ulladulla,AU,1561512078,-35.36,150.48,57.0,87,75,8.05
444,Flin Flon,CA,1561512288,54.77,-101.88,63.28,55,87,9.01
445,Dubna,RU,1561512288,56.76,37.14,55.54,69,99,2.86
446,Caxito,BR,1561512289,-22.65,-42.51,66.7,80,0,5.12
447,Warrnambool,AU,1561512289,-38.38,142.48,57.0,89,2,7.0
448,Panama City,US,1561512290,30.16,-85.65,84.2,66,20,19.46
449,Gewane,ET,1561512290,10.16,40.66,83.98,41,3,2.82
450,Soyo,AO,1561512290,-6.13,12.37,74.26,77,38,12.3
451,Bealanana,MG,1561512290,-14.54,48.75,57.52,85,0,4.85
452,Talara,PE,1561512311,-4.58,-81.27,66.34,86,39,18.48
453,Sao Joao da Barra,BR,1561512238,-21.64,-41.05,69.76,88,3,1.99
454,Vilhena,BR,1561512312,-12.74,-60.15,73.36,61,28,3.31
455,Kodiak,US,1561512215,39.95,-94.76,84.99,65,1,11.41
456,Zhuzhou,CN,1561512312,27.84,113.15,78.8,83,20,4.47
457,Tomatlan,MX,1561512149,19.93,-105.25,84.34,72,13,6.55
458,Port Blair,IN,1561512100,11.67,92.75,82.54,81,100,17.2
459,Ostersund,SE,1561512313,63.18,14.64,53.6,87,97,3.36
460,Kuusamo,FI,1561512313,65.96,29.19,44.6,93,0,1.12
461,Luwuk,ID,1561512314,-0.95,122.79,65.08,96,98,4.63
462,Veere,NL,1561512314,51.55,3.67,64.99,100,100,11.41
463,Dali,CN,1561512314,25.6,100.24,61.84,97,100,2.77
464,Neftcala,AZ,1561512314,39.37,49.25,77.32,66,0,5.1
465,Severomorsk,RU,1561512315,69.07,33.42,48.2,81,0,2.24
466,Conceicao do Araguaia,BR,1561512045,-8.26,-49.26,74.8,61,10,0.94
467,Kysyl-Syr,RU,1561512315,63.9,122.77,66.88,72,0,5.88
468,Dunedin,NZ,1561512227,-45.87,170.5,47.26,65,0,4.36
469,Tabou,CI,1561512315,4.42,-7.36,74.08,94,100,4.5
470,Kasongo-Lunda,CD,1561512316,-6.48,16.82,65.62,52,42,4.09
471,Moose Factory,CA,1561512316,51.26,-80.61,64.4,82,90,8.05
472,Ponta Delgada,PT,1561512316,37.73,-25.67,64.4,82,75,10.29
473,Finschhafen,PG,1561512317,-6.6,147.85,66.52,99,97,2.37
474,Waingapu,ID,1561512317,-9.65,120.26,71.38,77,6,14.23
475,Megion,RU,1561512317,61.04,76.11,51.8,87,0,13.42
476,Adre,TD,1561512285,13.47,22.2,87.22,23,77,5.3
477,Pulivendla,IN,1561512318,14.42,78.23,80.56,64,67,14.76
478,Santa Cruz Cabralia,BR,1561512318,-16.28,-39.02,75.2,78,0,2.24
479,Gao,ML,1561512318,16.28,-0.04,96.76,23,0,10.65
480,Irituia,BR,1561512318,-1.77,-47.44,72.64,95,12,4.29
481,Abnub,EG,1561512319,27.27,31.15,84.2,45,0,6.93
482,Greenlaw,GB,1561512319,55.71,-2.46,52.0,93,0,4.7
483,Zholymbet,KZ,1561512319,51.74,71.71,66.88,71,2,13.85
484,Ambon,FR,1561512320,47.55,-2.56,66.0,93,95,10.29
485,Quata,BR,1561512320,-22.25,-50.7,67.42,65,19,5.23
486,Elwood,US,1561512320,40.59,-99.86,77.0,60,40,14.99
487,Portoferraio,IT,1561512320,42.81,10.31,81.0,73,0,16.11
488,Key West,US,1561512321,47.93,-96.78,77.0,50,40,10.29
489,Cacoal,BR,1561512321,-11.43,-61.44,75.52,69,27,2.95
490,Pavlodar,KZ,1561512321,52.28,76.96,68.0,64,0,11.18
491,Solnechnyy,RU,1561512321,50.72,136.64,53.02,65,76,6.69
492,Beringovskiy,RU,1561512322,63.05,179.32,42.04,95,100,16.08
493,Peruibe,BR,1561512322,-24.32,-47.0,68.5,74,4,2.95
494,Molchanovo,RU,1561512322,57.58,83.76,62.2,74,0,1.25
495,Belmonte,PT,1561512322,40.36,-7.35,62.01,73,15,0.51
496,Kedrovyy,RU,1561512323,56.17,91.82,60.8,82,40,13.42
497,Nara,JP,1561512323,34.68,135.8,84.0,51,75,1.12
498,Miyang,CN,1561512323,24.4,103.44,65.08,93,94,2.84
499,Mapastepec,MX,1561512324,15.44,-92.9,81.64,80,85,3.27
500,Broken Hill,AU,1561512324,-31.97,141.45,57.2,58,0,16.11
501,Voznesenskaya,RU,1561512324,44.55,41.03,64.36,93,0,4.16
502,Coquimbo,CL,1561512222,-29.95,-71.34,50.0,76,0,4.7
503,Serov,RU,1561512325,59.61,60.57,43.3,83,9,4.32
504,Kamakwie,SL,1561512325,9.5,-12.24,74.8,97,22,5.28
505,Teguise,ES,1561512325,29.06,-13.56,71.6,83,20,4.7
506,Quepos,CR,1561512325,9.43,-84.16,73.4,73,0,9.17
507,Shingu,JP,1561512325,33.72,135.99,78.8,65,75,5.82
508,Otradnoye,RU,1561512326,59.77,30.8,59.0,66,0,4.47
509,Morondava,MG,1561512326,-20.3,44.28,72.64,68,0,18.25
510,Durango,US,1561512186,37.28,-107.88,87.8,9,1,8.05
511,Ketchikan,US,1561512327,55.34,-131.65,71.6,56,1,6.93
512,Adrar,DZ,1561512327,27.87,-0.29,95.0,6,0,5.82
513,Altus,US,1561512327,34.64,-99.33,89.6,42,1,13.87
514,Ust-Kishert,RU,1561512327,57.36,57.24,45.28,93,0,4.59
515,Bilma,NE,1561512328,18.69,12.92,89.38,25,7,5.14
516,Prainha,BR,1561512328,-1.8,-53.48,73.9,97,62,1.9
517,Manta,RO,1561512328,45.1,24.1,64.18,76,4,2.24
518,Burnie,AU,1561512328,-41.05,145.91,55.0,66,0,2.91
519,Umm Kaddadah,SD,1561512329,13.6,26.69,87.04,35,97,6.64
520,Hirara,JP,1561512237,24.8,125.28,84.2,74,75,4.7
521,Bannur,IN,1561512329,12.33,76.86,69.58,87,86,9.69
522,Gaspe,CA,1561512212,48.83,-64.48,60.8,48,40,4.7
523,Inuvik,CA,1561512329,68.36,-133.71,42.8,60,75,16.11
524,Catuday,PH,1561512330,16.29,119.81,85.06,78,100,13.47
525,Honningsvag,NO,1561512330,70.98,25.97,45.46,88,99,22.68
526,Raudeberg,NO,1561512330,61.99,5.14,55.4,93,100,2.24
527,Klyuchi,RU,1561512331,52.25,79.17,62.2,64,2,10.45
528,Chkalovsk,RU,1561512331,56.76,43.24,48.2,93,0,4.47
529,Rodrigues Alves,BR,1561512331,-7.74,-72.65,75.88,76,57,2.84
530,Guzelyurt,TR,1561512332,38.28,34.37,70.0,60,0,9.17
531,Carauari,BR,1561512332,-4.88,-66.9,75.52,88,82,1.36
532,Hami,CN,1561512332,42.84,93.51,71.38,32,60,14.54
533,Nuuk,GL,1561512333,64.17,-51.74,48.2,93,100,16.11
534,Baghdad,IQ,1561512333,33.3,44.38,82.4,30,0,4.7
535,Corning,US,1561512333,42.14,-77.05,71.01,64,1,9.33
536,Macheng,CN,1561512333,31.18,115.03,75.34,76,7,3.38
537,Wanaka,NZ,1561512334,-44.7,169.14,35.74,59,23,5.64
538,Lazaro Cardenas,MX,1561512334,28.39,-105.62,88.0,28,75,13.87
539,Madimba,CM,1561512334,4.42,9.93,75.2,100,75,2.24
540,Mwinilunga,ZM,1561512334,-11.73,24.43,53.38,51,0,4.94
541,Natitingou,BJ,1561512335,10.31,1.38,78.76,76,79,6.76
542,Svetlaya,RU,1561512335,46.54,138.33,74.62,72,100,0.18
543,Cao Bang,VN,1561512335,22.67,106.25,76.06,93,67,0.63
544,Casablanca,MA,1561512330,33.6,-7.62,71.01,94,0,3.36
545,Atambua,ID,1561512336,-9.11,124.89,75.34,68,0,15.66
546,Nabire,ID,1561512336,-3.36,135.5,74.98,84,100,8.37
547,Oranjemund,ZA,1561512336,-28.55,16.43,54.82,93,0,1.45
548,Buena Vista,US,1561512337,38.84,-106.13,69.8,22,1,9.17
549,Canon City,US,1561512231,39.46,-117.13,82.4,8,1,9.17
550,Zhezkazgan,KZ,1561512338,47.8,67.71,78.8,22,75,8.95
551,Te Anau,NZ,1561512338,-45.41,167.72,43.3,69,2,7.85
552,Diego de Almagro,CL,1561512338,-26.39,-70.05,42.94,97,0,1.01
553,Egvekinot,RU,1561512338,66.32,-179.17,45.46,54,67,4.61
554,Ternate,PH,1561512339,14.29,120.72,86.0,70,75,4.7
555,Tottori,JP,1561512264,35.5,134.23,82.4,54,40,11.41
556,Mayor Pablo Lagerenza,PY,1561512339,-19.93,-60.77,56.44,53,98,16.75
557,Verkhniy Fiagdon,RU,1561512339,42.83,44.31,57.34,85,0,4.85
558,Lanzhou,CN,1561512340,36.06,103.82,57.2,100,90,6.71
559,Vostok,RU,1561512340,46.45,135.83,69.04,80,97,6.49
